_id,_type,topConceptOf,inScheme,prefLabel,notation
conceptscheme:eenheden,skos:ConceptScheme,,,,
https://data.omgeving.vlaanderen.be/id/concept/csor/eenheid/E_59,qudt:Unit,conceptscheme:eenheden,conceptscheme:eenheden,Meter,m
https://data.omgeving.vlaanderen.be/id/concept/csor/eenheid/E_92,qudt:Unit,conceptscheme:eenheden,conceptscheme:eenheden,Mega Watt,MW
http://qudt.org/vocab/unit/PPB,qudt:Unit,conceptscheme:eenheden,conceptscheme:eenheden,ppb,PPB
http://qudt.org/vocab/unit/PPM,qudt:Unit,conceptscheme:eenheden,conceptscheme:eenheden,PPM,PPM
http://qudt.org/vocab/unit/NanoGM-PER-L,qudt:Unit,conceptscheme:eenheden,conceptscheme:eenheden,Nanogram per liter,ng/l
https://data.omgeving.vlaanderen.be/id/concept/csor/eenheid/E_59illiGM-PER-L,qudt:Unit,conceptscheme:eenheden,conceptscheme:eenheden,Milligram per liter,mg/l
https://data.omgeving.vlaanderen.be/id/concept/csor/eenheid/E_59icroGM-PER-L,qudt:Unit,conceptscheme:eenheden,conceptscheme:eenheden,Microgram per liter,µg/l
https://data.omgeving.vlaanderen.be/id/concept/csor/eenheid/E_43,qudt:Unit,conceptscheme:eenheden,conceptscheme:eenheden,Percent,%
https://data.omgeving.vlaanderen.be/id/concept/csor/eenheid/E_62,qudt:Unit,conceptscheme:eenheden,conceptscheme:eenheden,Celsius,°C
http://qudt.org/vocab/unit/K,qudt:Unit,conceptscheme:eenheden,conceptscheme:eenheden,Kelvin,K
https://data.omgeving.vlaanderen.be/id/concept/csor/eenheid/E_593,qudt:Unit,conceptscheme:eenheden,conceptscheme:eenheden,Kubieke meter,m³
