_id,_type,topConceptOf,inScheme,isPartOf,prefLabel,altLabel,definition,scopeNote,broaderPartitive,relation,relevantDataType,relevantCodeList,relevantRiepr,relevantProperty,relevantUnit,isVerplicht,isMeervoudig
conceptscheme:emissiepunt_eigenschappen,skos:ConceptScheme,,,conceptscheme:systeem_eigenschappen,Emissiepunt eigenschappen,,Een typering van verschillende eigenschappen voor emissiepunten.,,,,,,,,,,
emissiepunt-eigenschappen:schouw-hoogte,skos:Concept,conceptscheme:emissiepunt_eigenschappen,conceptscheme:emissiepunt_eigenschappen,,Hoogte van de schouw,,,,,rdfs:value,xsd:decimal,,emissiepunt:schoorsteen,dbo:height,csor_eenheden:E_59,,
emissiepunt-eigenschappen:schouw-diameter,skos:Concept,conceptscheme:emissiepunt_eigenschappen,conceptscheme:emissiepunt_eigenschappen,,Diameter van de schouw,,,,,rdfs:value,xsd:decimal,,emissiepunt:schoorsteen,dbo:diameter,csor_eenheden:E_59,,
emissiepunt-eigenschappen:lozingspunt-lozingsplaats,skos:Concept,conceptscheme:emissiepunt_eigenschappen,conceptscheme:emissiepunt_eigenschappen,,Lozingsplaats,,,,,rdfs:value,,conceptscheme:lozingspunt_lozingsplaats,emissiepunt:lozingspunt,,,,
emissiepunt-eigenschappen:aantalpunten,skos:Concept,conceptscheme:emissiepunt_eigenschappen,conceptscheme:emissiepunt_eigenschappen,,Aantal uitstroompunten,,,,,rdfs:value,xsd:integer,,emissiepunt:schoorsteen,,,,
,,,,,,,,,,,,,,,,,
conceptscheme:lozingspunt_lozingsplaats,skos:ConceptScheme,,,,,,,,,,,,,,,,
emissiepunt-selectiemogelijkheden:oppervlaktewater,skos:Concept,conceptscheme:lozingspunt_lozingsplaats,conceptscheme:lozingspunt_lozingsplaats,,Oppervlaktewater,,,,,,,,,,,,
emissiepunt-selectiemogelijkheden:riool,skos:Concept,conceptscheme:lozingspunt_lozingsplaats,conceptscheme:lozingspunt_lozingsplaats,,Riool,,,,,,,,,,,,
emissiepunt-selectiemogelijkheden:grondwater,skos:Concept,conceptscheme:lozingspunt_lozingsplaats,conceptscheme:lozingspunt_lozingsplaats,,Grondwater,,,,,,,,,,,,
