_id,_type,topConceptOf,inScheme,isPartOf,prefLabel,altLabel,definition,scopeNote,broader,isOnzichtbaar,isMeetbaar
conceptscheme:installatie_type,skos:ConceptScheme,,,conceptscheme:systeem_type,Installatie types,,Een typering van verschillende soorten installaties.,,,,
installatie:stookinstallatie,skos:Concept,conceptscheme:installatie_type,conceptscheme:installatie_type,,Stookinstallatie,,,,,,true
installatie:directe_stookinstallatie,skos:Concept,,conceptscheme:installatie_type,,Directe Stookinstallatie,,,,installatie:stookinstallatie,,true
installatie:installatie,skos:Concept,conceptscheme:installatie_type,conceptscheme:installatie_type,,Installatie,,,,,true,true
installatie:luchtzuivering,skos:Concept,conceptscheme:installatie_type,conceptscheme:installatie_type,,Luchtzuiveringsinstallatie,,,,,,true
installatie:gpbv,skos:Concept,conceptscheme:installatie_type,conceptscheme:installatie_type,,GPBV Installatie,,,,,true,true
installatie:waterzuivering,skos:Concept,conceptscheme:installatie_type,conceptscheme:installatie_type,,Waterzuiveringsinstallatie,,,,,,true
installatie:opslag_overslag,skos:Concept,conceptscheme:installatie_type,conceptscheme:installatie_type,,Opslag/Overslag,,Een beschrijving van het soort opslag/overslag installatie,,,,true
installatie:geothermisch,skos:Concept,conceptscheme:installatie_type,conceptscheme:installatie_type,,Geothermische installatie,,,,,,true
