_id,_type,topConceptOf,inScheme,prefLabel,definition,broaderPartitive,relevantDataType,relation,seeAlso,relevantRiepr,conditionPath,conditionValue,relevantCodeList,relevantUnit,isVerplicht,isMeervoudig,isOnzichtbaar,_ui_after,_ui_first
conceptscheme:operationeel_bepalingsmethode,skos:ConceptScheme,,,Bepalingsmethode,,,,,,,,,,,,,,,
bepalingsmethode:gemeten,skos:Concept,conceptscheme:operationeel_bepalingsmethode,conceptscheme:operationeel_bepalingsmethode,Gemeten,,,,,,,,,,,,,,,
bepalingsmethode:berekend,skos:Concept,conceptscheme:operationeel_bepalingsmethode,conceptscheme:operationeel_bepalingsmethode,Berekend,,,,,,,,,,,,,,,
bepalingsmethode:geschat,skos:Concept,conceptscheme:operationeel_bepalingsmethode,conceptscheme:operationeel_bepalingsmethode,Geschat,,,,,,,,,,,,,,,
bepalingsmethode:voorgesteld,skos:Concept,conceptscheme:operationeel_bepalingsmethode,conceptscheme:operationeel_bepalingsmethode,Voorgesteld,,,,,,,,,,,,,true,,
,,,,,,,,,,,,,,,,,,,
conceptscheme:operationeel_bepalingsmethodeclassificatie,skos:ConceptScheme,,,Bepalingsmethodeclassificatie,,,,,,,,,,,,,,,
bepalingsmethodeclassificatie:vrachten,skos:Concept,conceptscheme:operationeel_bepalingsmethodeclassificatie,conceptscheme:operationeel_bepalingsmethodeclassificatie,Specifiek vrachten,,,,,,,,,,,,,,,
,,,,,,,,,,,,,,,,,,,
conceptscheme:operationeel_pomptoestand,skos:ConceptScheme,,,Pomptoestand,,,,,,,,,,,,,,,
pomptoestand:rust,skos:Concept,conceptscheme:operationeel_pomptoestand,conceptscheme:operationeel_pomptoestand,Rust,,,,,,,,,,,,,,,
pomptoestand:werking,skos:Concept,conceptscheme:operationeel_pomptoestand,conceptscheme:operationeel_pomptoestand,In werking,,,,,,,,,,,,,,,
,,,,,,,,,,,,,,,,,,,
conceptscheme:operationeel_peilmethode,skos:ConceptScheme,,,Peilmethode,,,,,,,,,,,,,,,
peilmethode:peillint,skos:Concept,conceptscheme:operationeel_peilmethode,conceptscheme:operationeel_peilmethode,Peillint,,,,,,,,,,,,,,,
peilmethode:automatische_sonde,skos:Concept,conceptscheme:operationeel_peilmethode,conceptscheme:operationeel_peilmethode,Automatische sonde,,,,,,,,,,,,,,,
peilmethode:overige,skos:Concept,conceptscheme:operationeel_peilmethode,conceptscheme:operationeel_peilmethode,Andere methode,,,,,,,,,,,,,,,
,,,,,,,,,,,,,,,,,,,
conceptscheme:operationeel_debiet_type,skos:ConceptScheme,,,Type debiet,,,,,,,,,,,,,,,
debiet:infiltratie,skos:Concept,conceptscheme:operationeel_debiet_type,conceptscheme:operationeel_debiet_type,Infiltratie,,,,,,,,,,,,,,,
debiet:onttrekking,skos:Concept,conceptscheme:operationeel_debiet_type,conceptscheme:operationeel_debiet_type,Onttrekking,,,,,,,,,,,,,,,
debiet:totaal_rondgepompd,skos:Concept,conceptscheme:operationeel_debiet_type,conceptscheme:operationeel_debiet_type,Totaal rondgepompd,,,,,,,,,,,,,,,
debiet:spui,skos:Concept,conceptscheme:operationeel_debiet_type,conceptscheme:operationeel_debiet_type,Spui,,,,,,,,,,,,,,,
,,,,,,,,,,,,,,,,,,,
conceptscheme:operationeel_toepassingwijze,skos:ConceptScheme,,,Toepassingswijze,,,,,,,,,,,,,,,
toepassingswijze:dispers,skos:Concept,conceptscheme:operationeel_toepassingwijze,conceptscheme:operationeel_toepassingwijze,Dispers gebruik,,,,,,,,,,,,,,,
toepassingswijze:brandstof,skos:Concept,conceptscheme:operationeel_toepassingwijze,conceptscheme:operationeel_toepassingwijze,Gebruik als brandstof,,,,,,,,,,,,,,,
toepassingswijze:overige,skos:Concept,conceptscheme:operationeel_toepassingwijze,conceptscheme:operationeel_toepassingwijze,Ander gebruik in de ingedeelde inrichting,,,,,,,,,,,,,,,
,,,,,,,,,,,,,,,,,,,
conceptscheme:operationeel_bestemmingstype,skos:ConceptScheme,,,Bestemmingstype,,,,,,,,,,,,,,,
bestemming:belgisch,skos:Concept,conceptscheme:operationeel_bestemmingstype,conceptscheme:operationeel_bestemmingstype,Belgische vestiging,,,,,,,,,,,,,,,
bestemming:buitenlands,skos:Concept,conceptscheme:operationeel_bestemmingstype,conceptscheme:operationeel_bestemmingstype,Buitenlandse vestiging,,,,,,,,,,,,,,,
bestemming:werf,skos:Concept,conceptscheme:operationeel_bestemmingstype,conceptscheme:operationeel_bestemmingstype,Werf,,,,,,,,,,,,,,,
bestemming:dispers,skos:Concept,conceptscheme:operationeel_bestemmingstype,conceptscheme:operationeel_bestemmingstype,Dispers gebruik,,,,,,,,,,,,,,,
bestemming:geen_onderneming,skos:Concept,conceptscheme:operationeel_bestemmingstype,conceptscheme:operationeel_bestemmingstype,Geen onderneming,,,,,,,,,,,,,,,
bestemming:particulier,skos:Concept,conceptscheme:operationeel_bestemmingstype,conceptscheme:operationeel_bestemmingstype,Particulier,,,,,,,,,,,,,,,
,,,,,,,,,,,,,,,,,,,
conceptscheme:operationeel_techniekmonstername,skos:ConceptScheme,,,Techniek monstername,,,,,,,,,,,,,,,
techniekmonstername:aftap,skos:Concept,conceptscheme:operationeel_techniekmonstername,conceptscheme:operationeel_techniekmonstername,Aftap via monsterkraantje,,,,,,,,,,,,,,,
,,,,,,,,,,,,,,,,,,,
conceptscheme:herkomst_water,skos:ConceptScheme,,,Herkomst water,,,,,,,,,,,,,,,
,,,,,,,,,,,,,,,,,,,
conceptscheme:operationeel_zelfcontrole_meetfrequentie,skos:ConceptScheme,,,Meetfrequentie,,,,,,,,,,,,,,,
meetfrequentie:test,skos:Concept,conceptscheme:operationeel_zelfcontrole_meetfrequentie,conceptscheme:operationeel_zelfcontrole_meetfrequentie,Test,,,,,,,,,,,,,,,
,,,,,,,,,,,,,,,,,,,
conceptscheme:operationeel_toestand_indicator,skos:ConceptScheme,,,,,,,,,,,,,,,,,,
toestand-indicator:nat,skos:Concept,conceptscheme:operationeel_toestand_indicator,conceptscheme:operationeel_toestand_indicator,Nat,,,,,,,,,,,,,,,
toestand-indicator:droog,skos:Concept,conceptscheme:operationeel_toestand_indicator,conceptscheme:operationeel_toestand_indicator,Droog,,,,,,,,,,,,,,,
