_id,_type,topConceptOf,inScheme,prefLabel,definition,broaderPartitive,relevantClass,relevantFeatureClass,relevantDataType,relation,seeAlso,relevantRiepr,conditionPath,conditionValue,relevantCodeList,relevantUnit,isVerplicht,isMeervoudig,isMultiselect,isOnzichtbaar,_ui_after,_ui_first
conceptscheme:operationeel_grondwater,skos:ConceptScheme,,,,,,,,,,,,,,,,,,,,,
grondwater:onttrekking,skos:Concept,conceptscheme:operationeel_grondwater,conceptscheme:operationeel_grondwater,Onttrekking/infiltratie,Een meting van de onttrekking van een pompput.,,riepr:ObservatieVerzameling,,,,,,,,,,,true,,,,true
grondwater:peilmeting,skos:Concept,conceptscheme:operationeel_grondwater,conceptscheme:operationeel_grondwater,Peilmeting,Een peilmeting van een pomp- of peilput.,,riepr:ObservatieVerzameling,,,,,,,,,,,true,,,grondwater:onttrekking,
grondwater:kwaliteitsmeting,skos:Concept,conceptscheme:operationeel_grondwater,conceptscheme:operationeel_grondwater,Kwaliteitsmeting,Een kwaliteitsmeting van een pomp- of peilput.,,riepr:ObservatieVerzameling,,,,,,,,,,,true,,,grondwater:peilmeting,
,,,,,,,,,,,,,,,,,,,,,,
grondwater:onttrekking_feature,skos:Concept,,conceptscheme:operationeel_grondwater,Debietmeter,Actieve debietmeters in het productiejaar.,grondwater:onttrekking,sosa:FeatureOfInterest,riepr:Onttrekking,,sosa:hasFeatureOfInterest,,meetpunt:debietmeter,,,,,,,,,,true
grondwater:periode,skos:Concept,,conceptscheme:operationeel_grondwater,Periode van onttrekking,,grondwater:onttrekking,,,dcterms:temporal,,,,,,,,,,,,grondwater:onttrekking_feature,
grondwater:type-debiet,skos:Concept,,conceptscheme:operationeel_grondwater,Type debiet,,grondwater:onttrekking,,,,dcterms:type,,,,conceptscheme:operationeel_debiet_type,,,,,,,grondwater:periode,
grondwater:volume,skos:Concept,,conceptscheme:operationeel_grondwater,Volume,,grondwater:onttrekking,riepr:Observatie,,xsd:decimal,,,,,,,csor_eenheden:E_32,true,,,,grondwater:type-debiet,
grondwater:begintoestand,skos:Concept,,conceptscheme:operationeel_grondwater,Beginstand debietmeter,Begintoestand van de debietmeter om het volume te berekenen.,grondwater:onttrekking,riepr:Observatie,,xsd:decimal,,,,grondwater:volume,NaN,,csor_eenheden:E_32,false,,,,grondwater:volume,
grondwater:eindtoestand,skos:Concept,,conceptscheme:operationeel_grondwater,Eindtoestand debietmeter,Eindtoestand van de debietmeter om het volume te berekenen.,grondwater:onttrekking,riepr:Observatie,,xsd:decimal,,,,grondwater:volume,NaN,,csor_eenheden:E_32,false,,,,grondwater:begintoestand,
,,,,,,,,,,,,,,,,,,,,,,
grondwater:peilmeting_feature,skos:Concept,,conceptscheme:operationeel_grondwater,Peilfilter/Pompfilter,Actieve peil- en pompfilters in het productiejaar.,grondwater:peilmeting,sosa:FeatureOfInterest,,,sosa:hasFeatureOfInterest,,"filter:peil,filter:pomp",,,,,,,,,,true
grondwater:datum,skos:Concept,,conceptscheme:operationeel_grondwater,Datum,,grondwater:peilmeting,,,xsd:dateTime,sosa:resultTime,,,,,,,,,,,grondwater:peilmeting_feature,
grondwater:referentiepunt,skos:Concept,,conceptscheme:operationeel_grondwater,Referentiepunt,,grondwater:peilmeting,,,,,,meetpunt-eigenschappen:referentiepunt,,,,,true,true,,,grondwater:datum,
grondwater:diepte,skos:Concept,,conceptscheme:operationeel_grondwater,Diepte/hoogte (TAW) t.o.v. referentiepunt,,grondwater:peilmeting,,,xsd:decimal,sosa:hasResult,,,,,,csor_eenheden:E_59,,,,,grondwater:referentiepunt,
grondwater:peilmethode,skos:Concept,,conceptscheme:operationeel_grondwater,Peilmethode,,grondwater:peilmeting,,,,sosa:hasResult,,,,,conceptscheme:operationeel_peilmethode,,,,,,grondwater:diepte,
grondwater:pomptoestand,skos:Concept,,conceptscheme:operationeel_grondwater,Pomptoestand,,grondwater:peilmeting,,,,sosa:hasResult,,,,,conceptscheme:operationeel_pomptoestand,,,,,,grondwater:peilmethode,
grondwater:duur-stil,skos:Concept,,conceptscheme:operationeel_grondwater,Duur pompen stil,,grondwater:peilmeting,,,xsd:duration,sosa:hasResult,,,grondwater:pomptoestand,pomptoestand:rust,,,,,,,grondwater:pomptoestand,
grondwater:volume-rust,skos:Concept,,conceptscheme:operationeel_grondwater,Volume (8u voor stilstand),,grondwater:peilmeting,,,xsd:decimal,sosa:hasResult,,,grondwater:pomptoestand,pomptoestand:rust,,csor_eenheden:E_32,,,,,grondwater:duur-stil,
grondwater:volume-werking,skos:Concept,,conceptscheme:operationeel_grondwater,Volume (1 uur voor meting),,grondwater:peilmeting,,,xsd:decimal,sosa:hasResult,,,grondwater:pomptoestand,pomptoestand:werking,,csor_eenheden:E_32,,,,,grondwater:volume-rust,
,,,,,,,,,,,,,,,,,,,,,,
grondwater:kwaliteitsmeting_feature,skos:Concept,,conceptscheme:operationeel_grondwater,Peilfilter/Pompfilter,Actieve peil- en pompfilters in het productiejaar.,grondwater:kwaliteitsmeting,sosa:FeatureOfInterest,,,sosa:hasFeatureOfInterest,,"filter:peil,filter:pomp",,,,,,,true,,,true
grondwater:kwaliteitsmeting-datum,skos:Concept,,conceptscheme:operationeel_grondwater,Datum,,grondwater:kwaliteitsmeting,,,xsd:date,sosa:phenomenonTime,,,,,,,,,,,grondwater:kwaliteitsmeting_feature,
grondwater:kwaliteitsmeting-monsternummer,skos:Concept,,conceptscheme:operationeel_grondwater,Monsternummer,,grondwater:kwaliteitsmeting,,,xsd:integer,,,,,,,,,,,,grondwater:kwaliteitsmeting-datum,
grondwater:kwaliteitsmeting-labo,skos:Concept,,conceptscheme:operationeel_grondwater,Labo,Labo dat de meting uitvoerde.,grondwater:kwaliteitsmeting,prov:Agent,,,,,,,,,,true,,,,grondwater:kwaliteitsmeting-monsternummer,
grondwater:kwaliteitsmeting-labo-naam,skos:Concept,,conceptscheme:operationeel_grondwater,Naam,,grondwater:kwaliteitsmeting-labo,,,xsd:string,,,,,,,,true,,,,,true
grondwater:kwaliteitsmeting-bemonsteringsinstrument,skos:Concept,,conceptscheme:operationeel_grondwater,Bemonsteringsinstrument,,grondwater:kwaliteitsmeting,,,xsd:string,,,,,,,,,,,,grondwater:kwaliteitsmeting-labo,
grondwater:kwaliteitsmeting-referentiepunt,skos:Concept,,conceptscheme:operationeel_grondwater,Referentiepunt,,grondwater:kwaliteitsmeting,,,,,,meetpunt-eigenschappen:referentiepunt,,,,,true,true,,,grondwater:kwaliteitsmeting-bemonsteringsinstrument,
grondwater:kwaliteitsmeting-diepte,skos:Concept,,conceptscheme:operationeel_grondwater,Diepte/hoogte (TAW) t.o.v. referentiepunt,,grondwater:kwaliteitsmeting,riepr:Observatie,,xsd:decimal,sosa:hasResult,,,,,,csor_eenheden:E_59,,,,,grondwater:kwaliteitsmeting-referentiepunt,
grondwater:kwaliteitsmeting-techniek,skos:Concept,,conceptscheme:operationeel_grondwater,Techniek monstername,,grondwater:kwaliteitsmeting,,,,,,,,,conceptscheme:operationeel_techniekmonstername,,,,,,grondwater:kwaliteitsmeting-diepte,
grondwater:kwaliteitsmeting-parameter,skos:Concept,,conceptscheme:operationeel_grondwater,Parameter,,grondwater:kwaliteitsmeting,,,,,,,,,,,,true,,,grondwater:kwaliteitsmeting-techniek,
grondwater:kwaliteitsmeting-parameter-parameter,skos:Concept,,conceptscheme:operationeel_grondwater,Parameter,,grondwater:kwaliteitsmeting-parameter,,,,sosa:observedProperty,,,http://TODO,,,,,,,,,true
grondwater:kwaliteitsmeting-parameter-datum,skos:Concept,,conceptscheme:operationeel_grondwater,Datum laboanalyse,,grondwater:kwaliteitsmeting-parameter,,,xsd:dateTime,sosa:resultTime,,,,,,,,,,,grondwater:kwaliteitsmeting-parameter-parameter,
grondwater:kwaliteitsmeting-parameter-limiet,skos:Concept,,conceptscheme:operationeel_grondwater,Detectielimiet,,grondwater:kwaliteitsmeting-parameter,,,,,,,,,,,,,,,grondwater:kwaliteitsmeting-parameter-datum,
grondwater:kwaliteitsmeting-parameter-meetwaarde,skos:Concept,,conceptscheme:operationeel_grondwater,Meetwaarde,,grondwater:kwaliteitsmeting-parameter,riepr:Observatie,,,,,,,,,,,,,,grondwater:kwaliteitsmeting-parameter-limiet,
grondwater:kwaliteitsmeting-parameter-methode,skos:Concept,,conceptscheme:operationeel_grondwater,Analysemethode,,grondwater:kwaliteitsmeting-parameter,,,xsd:string,,,,,,,,,,,,grondwater:kwaliteitsmeting-parameter-meetwaarde,
,,,,,,,,,,,,,,,,,,,,,,
