_id,_type,topConceptOf,inScheme,prefLabel,definition,broaderPartitive,relevantClass,relevantFeatureClass,relevantDataType,relation,seeAlso,relevantRiepr,conditionPath,conditionValue,relevantCodeList,relevantUnit,isVerplicht,isMeervoudig,isOnzichtbaar,_ui_after,_ui_first,related
conceptscheme:operationeel_grondstoffen,skos:ConceptScheme,,,Operationeel grondstoffen,,,,,,,,,,,,,,,,,,
grondstoffen:geproduceerd,skos:Concept,conceptscheme:operationeel_grondstoffen,conceptscheme:operationeel_grondstoffen,Heeft u grondstoffen geproduceerd?,,,,,xsd:boolean,,,,,,,,,,,,true,
grondstoffen:grondstof,skos:Concept,conceptscheme:operationeel_grondstoffen,conceptscheme:operationeel_grondstoffen,Grondstof,,,riepr:Observatie,,,,,,grondstoffen:geproduceerd,true,,,,true,,grondstoffen:geproduceerd,,
grondstoffen:grondstof_materiaalcode,skos:Concept,,conceptscheme:operationeel_grondstoffen,Materiaalcode,,grondstoffen:grondstof,riepr:Resultaat,,,schema:material,,,,,http://TODO,,,,,,true,
grondstoffen:grondstof_omschrijving,skos:Concept,,conceptscheme:operationeel_grondstoffen,Omschrijving,,grondstoffen:grondstof,riepr:Resultaat,,xsd:string,rdfs:comment,,,,,,,false,,,grondstoffen:grondstof_materiaalcode,,
grondstoffen:grondstof_hoeveelheid,skos:Concept,,conceptscheme:operationeel_grondstoffen,Hoeveelheid,,grondstoffen:grondstof,riepr:Resultaat,,xsd:decimal,qudt:numericValue,,,,,,http://TODO,true,,,grondstoffen:grondstof_omschrijving,,
grondstoffen:grondstof_toepassingswijze,skos:Concept,,conceptscheme:operationeel_grondstoffen,Toepassingswijze,,grondstoffen:grondstof,riepr:Resultaat,,,sosa:usedProcedure,,,,conceptscheme:operationeel_toepassingwijze,,true,,,,grondstoffen:grondstof_hoeveelheid,,
grondstoffen:grondstof_bestemming_type,skos:Concept,,conceptscheme:operationeel_grondstoffen,Bestemming type,,grondstoffen:grondstof,riepr:Resultaat,,,dcterms:type,,,,,conceptscheme:operationeel_bestemmingstype,,true,,,grondstoffen:grondstof_toepassingswijze,,
grondstoffen:grondstof_opmerking,skos:Concept,,conceptscheme:operationeel_grondstoffen,Opmerking,,grondstoffen:grondstof,riepr:Resultaat,,xsd:string,schema:comment,,,,,,,false,,,grondstoffen:grondstof_bestemming_type,,
,,,,,,,,,,,,,,,,,,,,,,
grondstoffen:bestemmingsidentificatie-be,skos:Concept,,conceptscheme:operationeel_grondstoffen,Bestemmingsidentificatie,,grondstoffen:grondstof,prov:Agent,,,,,,grondstoffen:grondstof_bestemming_type,bestemming:belgisch,,,,,,grondstoffen:grondstof_opmerking,,grondstoffen:bestemmingsidentificatie-buitenland|grondstoffen:bestemmingsidentificatie-none|grondstoffen:bestemmingsidentificatie-werf
grondstoffen:bestemmingsidentificatie-be-naam,skos:Concept,,conceptscheme:operationeel_grondstoffen,Naam,,grondstoffen:bestemmingsidentificatie-be,,,xsd:string,rdfs:label,,,,,,,false,,,,true,
grondstoffen:bestemmingsidentificatie-be-on,skos:Concept,,conceptscheme:operationeel_grondstoffen,Ondernemingsnummer,,grondstoffen:bestemmingsidentificatie-be,,,xsd:string,rov:registration,,,,,,,true,,,grondstoffen:bestemmingsidentificatie-be-naam,,
grondstoffen:bestemmingsidentificatie-be-ve,skos:Concept,,conceptscheme:operationeel_grondstoffen,Vestigingsnummer,,grondstoffen:bestemmingsidentificatie-be,,,xsd:string,,,,,,,,true,,,grondstoffen:bestemmingsidentificatie-be-on,,
,,,,,,,,,,,,,,,,,,,,,,
grondstoffen:bestemmingsidentificatie-buitenland,skos:Concept,,conceptscheme:operationeel_grondstoffen,Bestemmingsidentificatie,,grondstoffen:grondstof,prov:Agent,,,,,,grondstoffen:grondstof_bestemming_type,bestemming:buitenlands,,,,,,grondstoffen:bestemmingsidentificatie-be,,grondstoffen:bestemmingsidentificatie-be|grondstoffen:bestemmingsidentificatie-none|grondstoffen:bestemmingsidentificatie-werf
grondstoffen:bestemmingsidentificatie-buitenland-naam,skos:Concept,,conceptscheme:operationeel_grondstoffen,Naam,,grondstoffen:bestemmingsidentificatie-buitenland,,,xsd:string,rdfs:label,,,,,,,false,,,,true,
grondstoffen:bestemmingsidentificatie-buitenland-btw,skos:Concept,,conceptscheme:operationeel_grondstoffen,BTW-nummer,,grondstoffen:bestemmingsidentificatie-buitenland,,,xsd:string,rov:registration,,,,,,,true,,,grondstoffen:bestemmingsidentificatie-buitenland-naam,,
,,,,,,,,,,,,,,,,,,,,,,
grondstoffen:bestemmingsidentificatie-werf,skos:Concept,,conceptscheme:operationeel_grondstoffen,Bestemmingsidentificatie,,grondstoffen:grondstof,prov:Agent,,,,,,grondstoffen:grondstof_bestemming_type,bestemming:werf,,,,,,grondstoffen:bestemmingsidentificatie-buitenland,,grondstoffen:bestemmingsidentificatie-be|grondstoffen:bestemmingsidentificatie-buitenland|grondstoffen:bestemmingsidentificatie-none
grondstoffen:bestemmingsidentificatie-werf-naam,skos:Concept,,conceptscheme:operationeel_grondstoffen,Naam,,grondstoffen:bestemmingsidentificatie-werf,,,xsd:string,rdfs:label,,,,,,,false,,,,true,
,,,,,,,,,,,,,,,,,,,,,,
grondstoffen:bestemmingsidentificatie-none,skos:Concept,,conceptscheme:operationeel_grondstoffen,Bestemmingsidentificatie,,grondstoffen:grondstof,prov:Agent,,,,,,grondstoffen:grondstof_bestemming_type,bestemming:geen_onderneming,,,,,,grondstoffen:bestemmingsidentificatie-werf,,grondstoffen:bestemmingsidentificatie-be|grondstoffen:bestemmingsidentificatie-buitenland|grondstoffen:bestemmingsidentificatie-werf
grondstoffen:bestemmingsidentificatie-none-naam,skos:Concept,,conceptscheme:operationeel_grondstoffen,Naam,,grondstoffen:bestemmingsidentificatie-none,,,xsd:string,rdfs:label,,,,,,,true,,,,true,
grondstoffen:bestemmingsidentificatie-none-adres,skos:Concept,,conceptscheme:operationeel_grondstoffen,Adres,,grondstoffen:bestemmingsidentificatie-none,,,xsd:string,rdfs:label,,,,,,,true,,,grondstoffen:bestemmingsidentificatie-none-naam,,
,,,,,,,,,,,,,,,,,,,,,,
